{"cameraMode":{"drawMode":0,"name":"Shaded","section":"Shading Mode"},"sceneLighting":false,"audioPlay":false,"sceneViewState":{"showFog":true,"showMaterialUpdate":false,"showSkybox":true,"showFlares":true,"showImageEffects":true,"showParticleSystems":true},"in2DMode":false,"pivot":{"x":-3.059825897216797,"y":0.5869750380516052,"z":1.9963499307632447},"rotation":{"x":-0.045364588499069217,"y":-0.925759494304657,"z":0.35640811920166018,"w":-0.1178332045674324},"size":1.4781090021133423,"orthographic":false}