{"cameraMode":{"drawMode":0,"name":"Shaded","section":"Shading Mode"},"sceneLighting":true,"audioPlay":false,"sceneViewState":{"showFog":true,"showMaterialUpdate":false,"showSkybox":true,"showFlares":true,"showImageEffects":true,"showParticleSystems":true},"in2DMode":false,"pivot":{"x":-7.874817848205566,"y":-4.963730335235596,"z":4.263586521148682},"rotation":{"x":0.00912169087678194,"y":-0.9206132888793945,"z":0.3897741138935089,"w":0.021545063704252244},"size":12.308319091796875,"orthographic":false}