{"cameraMode":{"drawMode":0,"name":"Shaded","section":"Shading Mode"},"sceneLighting":false,"audioPlay":false,"sceneViewState":{"showFog":true,"showMaterialUpdate":false,"showSkybox":true,"showFlares":true,"showImageEffects":true,"showParticleSystems":true},"in2DMode":false,"pivot":{"x":-2.9205000400543215,"y":1.3250000476837159,"z":1.3385000228881837},"rotation":{"x":-0.00019587480346672237,"y":-0.9455545544624329,"z":0.32546308636665347,"w":-0.0005686153308488429},"size":11.600616455078125,"orthographic":false}