{"cameraMode":{"drawMode":0,"name":"Shaded","section":"Shading Mode"},"sceneLighting":false,"audioPlay":false,"sceneViewState":{"showFog":true,"showMaterialUpdate":false,"showSkybox":true,"showFlares":true,"showImageEffects":true,"showParticleSystems":true},"in2DMode":false,"pivot":{"x":-3.299999952316284,"y":0.31000006198883059,"z":2.200000047683716},"rotation":{"x":0.0924593061208725,"y":-0.8214849829673767,"z":0.1393233686685562,"w":0.5451629757881165},"size":2.055807113647461,"orthographic":false}