{"cameraMode":{"drawMode":0,"name":"Shaded","section":"Shading Mode"},"sceneLighting":false,"audioPlay":false,"sceneViewState":{"showFog":true,"showMaterialUpdate":false,"showSkybox":true,"showFlares":true,"showImageEffects":true,"showParticleSystems":true},"in2DMode":false,"pivot":{"x":-2.0440001487731935,"y":0.8234999775886536,"z":1.3510000705718995},"rotation":{"x":0.0924593061208725,"y":-0.8214849829673767,"z":0.1393233686685562,"w":0.5451629757881165},"size":8.664677619934082,"orthographic":false}