{"cameraMode":{"drawMode":0,"name":"Shaded","section":"Shading Mode"},"sceneLighting":false,"audioPlay":false,"sceneViewState":{"showFog":true,"showMaterialUpdate":false,"showSkybox":true,"showFlares":true,"showImageEffects":true,"showParticleSystems":true},"in2DMode":false,"pivot":{"x":1.0658680200576783,"y":0.22918732464313508,"z":1.1379954814910889},"rotation":{"x":-0.0037616733461618425,"y":-0.9679315090179443,"z":0.2507663667201996,"w":-0.014519134536385537},"size":0.428682804107666,"orthographic":false}