{"cameraMode":{"drawMode":0,"name":"Shaded","section":"Shading Mode"},"sceneLighting":false,"audioPlay":false,"sceneViewState":{"showFog":true,"showMaterialUpdate":false,"showSkybox":true,"showFlares":true,"showImageEffects":true,"showParticleSystems":true},"in2DMode":false,"pivot":{"x":-1.9097166061401368,"y":0.18012893199920655,"z":2.3074159622192385},"rotation":{"x":0.0016337097622454167,"y":0.9657250642776489,"z":-0.25949087738990786,"w":0.006080460734665394},"size":1.106755256652832,"orthographic":false}