{"cameraMode":{"drawMode":0,"name":"Shaded","section":"Shading Mode"},"sceneLighting":false,"audioPlay":false,"sceneViewState":{"showFog":true,"showMaterialUpdate":false,"showSkybox":true,"showFlares":true,"showImageEffects":true,"showParticleSystems":true},"in2DMode":false,"pivot":{"x":-2.646045207977295,"y":-0.32596665620803835,"z":1.1187727451324463},"rotation":{"x":-0.04388880357146263,"y":0.9508835077285767,"z":-0.26162973046302798,"w":-0.15951232612133027},"size":5.613811016082764,"orthographic":false}