{"cameraMode":{"drawMode":0,"name":"Shaded","section":"Shading Mode"},"sceneLighting":false,"audioPlay":false,"sceneViewState":{"showFog":true,"showMaterialUpdate":false,"showSkybox":true,"showFlares":true,"showImageEffects":true,"showParticleSystems":true},"in2DMode":false,"pivot":{"x":-3.189815044403076,"y":0.11872732639312744,"z":2.06467604637146},"rotation":{"x":0.0924593061208725,"y":-0.8214849829673767,"z":0.1393233686685562,"w":0.5451629757881165},"size":1.2391068935394288,"orthographic":false}