{"cameraMode":{"drawMode":0,"name":"Shaded","section":"Shading Mode"},"sceneLighting":true,"audioPlay":false,"sceneViewState":{"showFog":true,"showMaterialUpdate":false,"showSkybox":true,"showFlares":true,"showImageEffects":true,"showParticleSystems":true},"in2DMode":false,"pivot":{"x":5.685988426208496,"y":3.4934206008911135,"z":8.882575988769532},"rotation":{"x":0.006809933111071587,"y":0.8810146450996399,"z":-0.4728800654411316,"w":0.012689432129263878},"size":16.111698150634767,"orthographic":false}