{"cameraMode":{"drawMode":0,"name":"Shaded","section":"Shading Mode"},"sceneLighting":false,"audioPlay":false,"sceneViewState":{"showFog":true,"showMaterialUpdate":false,"showSkybox":false,"showFlares":true,"showImageEffects":true,"showParticleSystems":true},"in2DMode":false,"pivot":{"x":-3.299999952316284,"y":0.2850000560283661,"z":2.200000047683716},"rotation":{"x":0.027846267446875573,"y":0.9663620591163635,"z":-0.22637909650802613,"w":0.1188795417547226},"size":1.4259862899780274,"orthographic":false}