{"cameraMode":{"drawMode":0,"name":"Shaded","section":"Shading Mode"},"sceneLighting":true,"audioPlay":false,"sceneViewState":{"showFog":true,"showMaterialUpdate":false,"showSkybox":true,"showFlares":true,"showImageEffects":true,"showParticleSystems":true},"in2DMode":false,"pivot":{"x":0.3999999761581421,"y":0.3000001907348633,"z":6.619999408721924},"rotation":{"x":-0.005927386227995157,"y":0.8620861768722534,"z":-0.5066289901733398,"w":-0.010085970163345337},"size":2.3566715717315676,"orthographic":false}