{"cameraMode":{"drawMode":0,"name":"Shaded","section":"Shading Mode"},"sceneLighting":true,"audioPlay":false,"sceneViewState":{"showFog":true,"showMaterialUpdate":false,"showSkybox":true,"showFlares":true,"showImageEffects":true,"showParticleSystems":true},"in2DMode":false,"pivot":{"x":-2.833124876022339,"y":2.5213534832000734,"z":11.687638282775879},"rotation":{"x":0.0023221455048769714,"y":0.9027724862098694,"z":-0.43010181188583376,"w":0.004877087660133839},"size":16.433582305908204,"orthographic":false}