{"cameraMode":{"drawMode":0,"name":"Shaded","section":"Shading Mode"},"sceneLighting":false,"audioPlay":false,"sceneViewState":{"showFog":true,"showMaterialUpdate":false,"showSkybox":false,"showFlares":true,"showImageEffects":true,"showParticleSystems":true},"in2DMode":false,"pivot":{"x":-3.299999952316284,"y":0.3020000755786896,"z":2.200000047683716},"rotation":{"x":0.00043993399594910443,"y":0.8724527359008789,"z":-0.4887121021747589,"w":0.000787063327152282},"size":1.7111836671829224,"orthographic":false}