{"cameraMode":{"drawMode":0,"name":"Shaded","section":"Shading Mode"},"sceneLighting":true,"audioPlay":false,"sceneViewState":{"showFog":true,"showMaterialUpdate":false,"showSkybox":true,"showFlares":true,"showImageEffects":true,"showParticleSystems":true},"in2DMode":false,"pivot":{"x":-9.691437721252442,"y":-5.035764694213867,"z":6.976761817932129},"rotation":{"x":-0.005927386227995157,"y":0.8620861768722534,"z":-0.5066289901733398,"w":-0.010085970163345337},"size":17.6353816986084,"orthographic":false}