{"cameraMode":{"drawMode":0,"name":"Shaded","section":"Shading Mode"},"sceneLighting":false,"audioPlay":false,"sceneViewState":{"showFog":true,"showMaterialUpdate":false,"showSkybox":true,"showFlares":true,"showImageEffects":true,"showParticleSystems":true},"in2DMode":false,"pivot":{"x":-3.299999952316284,"y":0.3125000298023224,"z":2.200000047683716},"rotation":{"x":0.005096957553178072,"y":-0.8883214592933655,"z":0.45908811688423159,"w":0.009862366132438183},"size":1.4671326875686646,"orthographic":false}