{"cameraMode":{"drawMode":0,"name":"Shaded","section":"Shading Mode"},"sceneLighting":false,"audioPlay":false,"sceneViewState":{"showFog":true,"showMaterialUpdate":false,"showSkybox":true,"showFlares":true,"showImageEffects":true,"showParticleSystems":true},"in2DMode":false,"pivot":{"x":1.100000023841858,"y":0.34226182103157046,"z":1.2000000476837159},"rotation":{"x":-0.0039991592057049278,"y":-0.9363633394241333,"z":0.3508473336696625,"w":-0.010673323646187783},"size":1.4652267694473267,"orthographic":false}