{"cameraMode":{"drawMode":0,"name":"Shaded","section":"Shading Mode"},"sceneLighting":true,"audioPlay":false,"sceneViewState":{"showFog":true,"showMaterialUpdate":false,"showSkybox":true,"showFlares":true,"showImageEffects":true,"showParticleSystems":true},"in2DMode":false,"pivot":{"x":-0.7985840439796448,"y":1.1042732000350953,"z":-1.9812264442443848},"rotation":{"x":-0.027947774156928064,"y":-0.30968254804611208,"z":0.009106776677072049,"w":-0.9503856301307678},"size":0.5083521604537964,"orthographic":false}