{"cameraMode":{"drawMode":0,"name":"Shaded","section":"Shading Mode"},"sceneLighting":false,"audioPlay":false,"sceneViewState":{"showFog":true,"showMaterialUpdate":false,"showSkybox":true,"showFlares":true,"showImageEffects":true,"showParticleSystems":true},"in2DMode":false,"pivot":{"x":-2.0440001487731935,"y":0.8234999775886536,"z":1.3510000705718995},"rotation":{"x":0.005096957553178072,"y":-0.8883214592933655,"z":0.45908811688423159,"w":0.009862366132438183},"size":8.664677619934082,"orthographic":false}