{"cameraMode":{"drawMode":0,"name":"Shaded","section":"Shading Mode"},"sceneLighting":false,"audioPlay":false,"sceneViewState":{"showFog":true,"showMaterialUpdate":false,"showSkybox":true,"showFlares":true,"showImageEffects":true,"showParticleSystems":true},"in2DMode":false,"pivot":{"x":-0.01199997216463089,"y":0.34226182103157046,"z":1.2000000476837159},"rotation":{"x":0.003987149801105261,"y":-0.8705098032951355,"z":0.4920843541622162,"w":0.007053415756672621},"size":1.465226650238037,"orthographic":false}