{"cameraMode":{"drawMode":0,"name":"Shaded","section":"Shading Mode"},"sceneLighting":false,"audioPlay":false,"sceneViewState":{"showFog":true,"showMaterialUpdate":false,"showSkybox":true,"showFlares":true,"showImageEffects":true,"showParticleSystems":true},"in2DMode":false,"pivot":{"x":-3.299999952316284,"y":0.2850000560283661,"z":2.200000047683716},"rotation":{"x":-0.0039991592057049278,"y":-0.9363633394241333,"z":0.3508473336696625,"w":-0.010673323646187783},"size":1.4259862899780274,"orthographic":false}