{"cameraMode":{"drawMode":0,"name":"Shaded","section":"Shading Mode"},"sceneLighting":false,"audioPlay":false,"sceneViewState":{"showFog":true,"showMaterialUpdate":false,"showSkybox":true,"showFlares":true,"showImageEffects":true,"showParticleSystems":true},"in2DMode":false,"pivot":{"x":1.100000023841858,"y":0.41339272260665896,"z":1.2000000476837159},"rotation":{"x":0.003987149801105261,"y":-0.8705098032951355,"z":0.4920843541622162,"w":0.007053415756672621},"size":2.1978399753570558,"orthographic":false}